country,avg_risk_index,country_avg_temp,country_avg_sea,global_avg_temp,diff_temp_from_global,global_avg_sea
Italy,63.48888888888889,20.94444444444445,2.9424444444444444,22.416250000000016,-1.4718055555555658,3.027608333333332
Indonesia,60.43333333333333,21.81666666666667,3.4149999999999996,22.416250000000016,-0.5995833333333458,3.027608333333332
Germany,59.25714285714286,22.531428571428574,2.8674285714285714,22.416250000000016,0.11517857142855803,3.027608333333332
Pakistan,58.644444444444446,22.01333333333333,2.7437777777777774,22.416250000000016,-0.40291666666668746,3.027608333333332
Egypt,57.81132075471698,22.36792452830188,3.0947169811320756,22.416250000000016,-0.04832547169813495,3.027608333333332
